EnSend,帧类型,帧格式,帧ID,数据(HEX)
0,1,0,  1806E5F4,01 C2 03 E8 01 64 00 00 
0,1,0,  1806E5F4,01 C2 03 E8 00 14 00 00 
0,1,0,  1806E5F4,01 C2 03 E8 01 14 00 00 
0,1,0,  1806E5F4,01 C2 03 E8 02 14 00 00 
1,1,0,  1806E5F4,01 C2 01 F4 02 14 00 00 
0,0,0,  00000000,00 01 02 03 04 05 06 07 
0,0,0,  00000000,00 01 02 03 04 05 06 07 
0,0,0,  00000000,00 01 02 03 04 05 06 07 
0,0,0,  00000000,00 01 02 03 04 05 06 07 
0,0,0,  00000000,00 01 02 03 04 05 06 07 
0,0,0,  00000000,00 01 02 03 04 05 06 07 
0,0,0,  00000000,00 01 02 03 04 05 06 07 
0,0,0,  00000000,00 01 02 03 04 05 06 07 
0,0,0,  00000000,00 01 02 03 04 05 06 07 
0,0,0,  00000000,00 01 02 03 04 05 06 07 
0,0,0,  00000000,00 01 02 03 04 05 06 07 
0,0,0,  00000000,00 01 02 03 04 05 06 07 
0,0,0,  00000000,00 01 02 03 04 05 06 07 
0,0,0,  00000000,00 01 02 03 04 05 06 07 
0,0,0,  00000000,00 01 02 03 04 05 06 07 
0,0,0,  00000000,00 01 02 03 04 05 06 07 
0,0,0,  00000000,00 01 02 03 04 05 06 07 
0,0,0,  00000000,00 01 02 03 04 05 06 07 
0,0,0,  00000000,00 01 02 03 04 05 06 07 
0,0,0,  00000000,00 01 02 03 04 05 06 07 
0,0,0,  00000000,00 01 02 03 04 05 06 07 
0,0,0,  00000000,00 01 02 03 04 05 06 07 
0,0,0,  00000000,00 01 02 03 04 05 06 07 
0,0,0,  00000000,00 01 02 03 04 05 06 07 
0,0,0,  00000000,00 01 02 03 04 05 06 07 
0,0,0,  00000000,00 01 02 03 04 05 06 07 
0,0,0,  00000000,00 01 02 03 04 05 06 07 
0,0,0,  00000000,00 01 02 03 04 05 06 07 
0,0,0,  00000000,00 01 02 03 04 05 06 07 
0,0,0,  00000000,00 01 02 03 04 05 06 07 
0,0,0,  00000000,00 01 02 03 04 05 06 07 
0,0,0,  00000000,00 01 02 03 04 05 06 07 
0,0,0,  00000000,00 01 02 03 04 05 06 07 
0,0,0,  00000000,00 01 02 03 04 05 06 07 
0,0,0,  00000000,00 01 02 03 04 05 06 07 
0,0,0,  00000000,00 01 02 03 04 05 06 07 
0,0,0,  00000000,00 01 02 03 04 05 06 07 
0,0,0,  00000000,00 01 02 03 04 05 06 07 
0,0,0,  00000000,00 01 02 03 04 05 06 07 
0,0,0,  00000000,00 01 02 03 04 05 06 07 
0,0,0,  00000000,00 01 02 03 04 05 06 07 
0,0,0,  00000000,00 01 02 03 04 05 06 07 
0,0,0,  00000000,00 01 02 03 04 05 06 07 
0,0,0,  00000000,00 01 02 03 04 05 06 07 
0,0,0,  00000000,00 01 02 03 04 05 06 07 
0,0,0,  00000000,00 01 02 03 04 05 06 07 
0,0,0,  00000000,00 01 02 03 04 05 06 07 
0,0,0,  00000000,00 01 02 03 04 05 06 07 
0,0,0,  00000000,00 01 02 03 04 05 06 07 
0,0,0,  00000000,00 01 02 03 04 05 06 07 
0,0,0,  00000000,00 01 02 03 04 05 06 07 
0,0,0,  00000000,00 01 02 03 04 05 06 07 
0,0,0,  00000000,00 01 02 03 04 05 06 07 
0,0,0,  00000000,00 01 02 03 04 05 06 07 
0,0,0,  00000000,00 01 02 03 04 05 06 07 
0,0,0,  00000000,00 01 02 03 04 05 06 07 
0,0,0,  00000000,00 01 02 03 04 05 06 07 
0,0,0,  00000000,00 01 02 03 04 05 06 07 
0,0,0,  00000000,00 01 02 03 04 05 06 07 
0,0,0,  00000000,00 01 02 03 04 05 06 07 
0,0,0,  00000000,00 01 02 03 04 05 06 07 
0,0,0,  00000000,00 01 02 03 04 05 06 07 
0,0,0,  00000000,00 01 02 03 04 05 06 07 
0,0,0,  00000000,00 01 02 03 04 05 06 07 
0,0,0,  00000000,00 01 02 03 04 05 06 07 
0,0,0,  00000000,00 01 02 03 04 05 06 07 
0,0,0,  00000000,00 01 02 03 04 05 06 07 
0,0,0,  00000000,00 01 02 03 04 05 06 07 
0,0,0,  00000000,00 01 02 03 04 05 06 07 
0,0,0,  00000000,00 01 02 03 04 05 06 07 
0,0,0,  00000000,00 01 02 03 04 05 06 07 
0,0,0,  00000000,00 01 02 03 04 05 06 07 
0,0,0,  00000000,00 01 02 03 04 05 06 07 
0,0,0,  00000000,00 01 02 03 04 05 06 07 
0,0,0,  00000000,00 01 02 03 04 05 06 07 
0,0,0,  00000000,00 01 02 03 04 05 06 07 
0,0,0,  00000000,00 01 02 03 04 05 06 07 
0,0,0,  00000000,00 01 02 03 04 05 06 07 
0,0,0,  00000000,00 01 02 03 04 05 06 07 
0,0,0,  00000000,00 01 02 03 04 05 06 07 
0,0,0,  00000000,00 01 02 03 04 05 06 07 
0,0,0,  00000000,00 01 02 03 04 05 06 07 
0,0,0,  00000000,00 01 02 03 04 05 06 07 
0,0,0,  00000000,00 01 02 03 04 05 06 07 
0,0,0,  00000000,00 01 02 03 04 05 06 07 
0,0,0,  00000000,00 01 02 03 04 05 06 07 
0,0,0,  00000000,00 01 02 03 04 05 06 07 
0,0,0,  00000000,00 01 02 03 04 05 06 07 
0,0,0,  00000000,00 01 02 03 04 05 06 07 
0,0,0,  00000000,00 01 02 03 04 05 06 07 
0,0,0,  00000000,00 01 02 03 04 05 06 07 
0,0,0,  00000000,00 01 02 03 04 05 06 07 
0,0,0,  00000000,00 01 02 03 04 05 06 07 
0,0,0,  00000000,00 01 02 03 04 05 06 07 
0,0,0,  00000000,00 01 02 03 04 05 06 07 
